{"cameraMode":{"drawMode":0,"name":"Shaded","section":"Shading Mode"},"sceneLighting":true,"audioPlay":false,"sceneViewState":{"showFog":true,"showMaterialUpdate":false,"showSkybox":true,"showFlares":true,"showImageEffects":true,"showParticleSystems":true},"in2DMode":false,"pivot":{"x":-6.159999847412109,"y":-0.11678875982761383,"z":1.7503209114074708},"rotation":{"x":-0.0002882214612327516,"y":0.4271107614040375,"z":-0.00011669839295791462,"w":-0.9042304754257202},"size":2.6249632835388185,"orthographic":false}